{"cameraMode":{"drawMode":0,"name":"Shaded","section":"Shading Mode"},"sceneLighting":true,"audioPlay":false,"sceneViewState":{"showFog":true,"showMaterialUpdate":false,"showSkybox":true,"showFlares":true,"showImageEffects":true,"showParticleSystems":true},"in2DMode":false,"pivot":{"x":-95.40514373779297,"y":9.702617645263672,"z":48.709075927734378},"rotation":{"x":0.4268263876438141,"y":0.009821183048188687,"z":-0.004636136349290609,"w":0.9042683839797974},"size":46.577491760253909,"orthographic":false}