{"cameraMode":{"drawMode":0,"name":"Shaded","section":"Shading Mode"},"sceneLighting":true,"audioPlay":false,"sceneViewState":{"showFog":true,"showMaterialUpdate":false,"showSkybox":true,"showFlares":true,"showImageEffects":true,"showParticleSystems":true},"in2DMode":false,"pivot":{"x":14.646940231323243,"y":1.4004069566726685,"z":96.86170196533203},"rotation":{"x":0.008789352141320706,"y":-0.9626169204711914,"z":-0.03146633505821228,"w":-0.268888920545578},"size":1.5991461277008057,"orthographic":false}