{"cameraMode":{"drawMode":0,"name":"Shaded","section":"Shading Mode"},"sceneLighting":true,"audioPlay":false,"sceneViewState":{"showFog":true,"showMaterialUpdate":false,"showSkybox":true,"showFlares":true,"showImageEffects":true,"showParticleSystems":true},"in2DMode":false,"pivot":{"x":-43.6244010925293,"y":33.872222900390628,"z":80.6582260131836},"rotation":{"x":-0.01275376882404089,"y":-0.9872180223464966,"z":0.10853748023509979,"w":-0.11600688099861145},"size":58.32703399658203,"orthographic":false}