{"cameraMode":{"drawMode":0,"name":"Shaded","section":"Shading Mode"},"sceneLighting":false,"audioPlay":false,"sceneViewState":{"showFog":true,"showMaterialUpdate":false,"showSkybox":false,"showFlares":true,"showImageEffects":true,"showParticleSystems":true},"in2DMode":false,"pivot":{"x":0.0,"y":1.8299999237060547,"z":0.02600003406405449},"rotation":{"x":-0.006222069263458252,"y":0.9847558736801148,"z":-0.17005540430545808,"w":-0.03603154793381691},"size":1.3409901857376099,"orthographic":false}