{"cameraMode":{"drawMode":0,"name":"Shaded","section":"Shading Mode"},"sceneLighting":true,"audioPlay":false,"sceneViewState":{"showFog":true,"showMaterialUpdate":false,"showSkybox":true,"showFlares":true,"showImageEffects":true,"showParticleSystems":true},"in2DMode":false,"pivot":{"x":-55.17431640625,"y":-22.148345947265626,"z":72.09822082519531},"rotation":{"x":0.22872214019298554,"y":-0.5592494010925293,"z":0.1640423685312271,"w":0.779754102230072},"size":150.81317138671876,"orthographic":false}