{"cameraMode":{"drawMode":0,"name":"Shaded","section":"Shading Mode"},"sceneLighting":true,"audioPlay":false,"sceneViewState":{"showFog":true,"showMaterialUpdate":false,"showSkybox":true,"showFlares":true,"showImageEffects":true,"showParticleSystems":true},"in2DMode":false,"pivot":{"x":14.447823524475098,"y":1.3572897911071778,"z":96.7569580078125},"rotation":{"x":0.0038448881823569538,"y":-0.9795095920562744,"z":-0.018786024302244188,"w":-0.2004828155040741},"size":1.5991461277008057,"orthographic":false}