{"cameraMode":{"drawMode":0,"name":"Shaded","section":"Shading Mode"},"sceneLighting":true,"audioPlay":false,"sceneViewState":{"showFog":true,"showMaterialUpdate":false,"showSkybox":true,"showFlares":true,"showImageEffects":true,"showParticleSystems":true},"in2DMode":false,"pivot":{"x":15.05121898651123,"y":1.1952873468399048,"z":97.46536254882813},"rotation":{"x":0.04212517663836479,"y":-0.9577585458755493,"z":0.20865121483802796,"w":0.1933615803718567},"size":1.1239266395568848,"orthographic":false}