{"cameraMode":{"drawMode":0,"name":"Shaded","section":"Shading Mode"},"sceneLighting":true,"audioPlay":false,"sceneViewState":{"showFog":true,"showMaterialUpdate":false,"showSkybox":true,"showFlares":true,"showImageEffects":true,"showParticleSystems":true},"in2DMode":false,"pivot":{"x":93.20748901367188,"y":32.853187561035159,"z":-30.624034881591798},"rotation":{"x":-0.2908499240875244,"y":-0.4908122420310974,"z":0.17805121839046479,"w":-0.8017527461051941},"size":34.10293960571289,"orthographic":false}