{"cameraMode":{"drawMode":0,"name":"Shaded","section":"Shading Mode"},"sceneLighting":true,"audioPlay":false,"sceneViewState":{"showFog":true,"showMaterialUpdate":false,"showSkybox":true,"showFlares":true,"showImageEffects":true,"showParticleSystems":true},"in2DMode":false,"pivot":{"x":15.203034400939942,"y":1.4520001411437989,"z":97.06855010986328},"rotation":{"x":0.2640661299228668,"y":-0.4368259906768799,"z":0.13584807515144349,"w":0.8491157293319702},"size":1.7502520084381104,"orthographic":false}