{"cameraMode":{"drawMode":0,"name":"Shaded","section":"Shading Mode"},"sceneLighting":false,"audioPlay":false,"sceneViewState":{"showFog":true,"showMaterialUpdate":false,"showSkybox":false,"showFlares":true,"showImageEffects":true,"showParticleSystems":true},"in2DMode":false,"pivot":{"x":9.179978370666504,"y":71.32014465332031,"z":8.499998092651368},"rotation":{"x":0.048423949629068378,"y":-0.9270995855331421,"z":0.1287599503993988,"w":0.34865808486938479},"size":247.55026245117188,"orthographic":false}