{"cameraMode":{"drawMode":0,"name":"Shaded","section":"Shading Mode"},"sceneLighting":false,"audioPlay":false,"sceneViewState":{"showFog":true,"showMaterialUpdate":false,"showSkybox":false,"showFlares":true,"showImageEffects":true,"showParticleSystems":true},"in2DMode":false,"pivot":{"x":0.0,"y":1.9249999523162842,"z":0.026000039651989938},"rotation":{"x":0.017636293545365335,"y":-0.9814957976341248,"z":0.11237956583499909,"w":0.15403199195861817},"size":2.0163111686706545,"orthographic":false}