{"cameraMode":{"drawMode":0,"name":"Shaded","section":"Shading Mode"},"sceneLighting":true,"audioPlay":false,"sceneViewState":{"showFog":true,"showMaterialUpdate":false,"showSkybox":true,"showFlares":true,"showImageEffects":true,"showParticleSystems":true},"in2DMode":false,"pivot":{"x":14.576078414916993,"y":2.246856689453125,"z":72.54010772705078},"rotation":{"x":0.13564814627170564,"y":-0.7911884784698486,"z":0.1898476630449295,"w":0.5653125047683716},"size":0.48342710733413699,"orthographic":false}