{"cameraMode":{"drawMode":0,"name":"Shaded","section":"Shading Mode"},"sceneLighting":true,"audioPlay":false,"sceneViewState":{"showFog":true,"showMaterialUpdate":false,"showSkybox":true,"showFlares":true,"showImageEffects":true,"showParticleSystems":true},"in2DMode":false,"pivot":{"x":23.636260986328126,"y":-3.6534037590026857,"z":80.56990814208985},"rotation":{"x":0.15448994934558869,"y":0.3107607364654541,"z":-0.05126833915710449,"w":0.9364466071128845},"size":18.729799270629884,"orthographic":false}