{"cameraMode":{"drawMode":0,"name":"Shaded","section":"Shading Mode"},"sceneLighting":true,"audioPlay":false,"sceneViewState":{"showFog":true,"showMaterialUpdate":false,"showSkybox":true,"showFlares":true,"showImageEffects":true,"showParticleSystems":true},"in2DMode":false,"pivot":{"x":15.44648265838623,"y":1.8848822116851807,"z":70.2555160522461},"rotation":{"x":-0.0008881296962499619,"y":-0.9976368546485901,"z":-0.06743372231721878,"w":0.01313763577491045},"size":2.0140163898468019,"orthographic":false}