{"cameraMode":{"drawMode":0,"name":"Shaded","section":"Shading Mode"},"sceneLighting":true,"audioPlay":false,"sceneViewState":{"showFog":true,"showMaterialUpdate":false,"showSkybox":true,"showFlares":true,"showImageEffects":true,"showParticleSystems":true},"in2DMode":false,"pivot":{"x":14.935151100158692,"y":1.9853343963623047,"z":98.53243255615235},"rotation":{"x":0.047395382076501849,"y":0.9374035596847534,"z":-0.3148215413093567,"w":0.14112301170825959},"size":-0.07351374626159668,"orthographic":false}