{"cameraMode":{"drawMode":0,"name":"Shaded","section":"Shading Mode"},"sceneLighting":false,"audioPlay":false,"sceneViewState":{"showFog":true,"showMaterialUpdate":false,"showSkybox":false,"showFlares":true,"showImageEffects":true,"showParticleSystems":true},"in2DMode":false,"pivot":{"x":0.0,"y":1.9249999523162842,"z":0.026000039651989938},"rotation":{"x":-0.0022122757509350778,"y":0.9850763082504273,"z":-0.17163537442684174,"w":-0.012696357443928719},"size":2.0163111686706545,"orthographic":false}