{"cameraMode":{"drawMode":0,"name":"Shaded","section":"Shading Mode"},"sceneLighting":true,"audioPlay":false,"sceneViewState":{"showFog":true,"showMaterialUpdate":false,"showSkybox":true,"showFlares":true,"showImageEffects":true,"showParticleSystems":true},"in2DMode":false,"pivot":{"x":10.875203132629395,"y":-11.880470275878907,"z":81.72779846191406},"rotation":{"x":-0.24611935019493104,"y":0.11566503345966339,"z":-0.029595836997032167,"w":-0.9618580937385559},"size":47.00837707519531,"orthographic":false}