{"cameraMode":{"drawMode":0,"name":"Shaded","section":"Shading Mode"},"sceneLighting":true,"audioPlay":false,"sceneViewState":{"showFog":true,"showMaterialUpdate":false,"showSkybox":true,"showFlares":true,"showImageEffects":true,"showParticleSystems":true},"in2DMode":false,"pivot":{"x":15.41075611114502,"y":1.2479989528656006,"z":97.36347198486328},"rotation":{"x":0.003328165039420128,"y":-0.982038140296936,"z":0.18784941732883454,"w":0.017395708709955217},"size":1.1239266395568848,"orthographic":false}