{"cameraMode":{"drawMode":0,"name":"Shaded","section":"Shading Mode"},"sceneLighting":true,"audioPlay":false,"sceneViewState":{"showFog":true,"showMaterialUpdate":false,"showSkybox":true,"showFlares":true,"showImageEffects":true,"showParticleSystems":true},"in2DMode":false,"pivot":{"x":14.520471572875977,"y":1.2892334461212159,"z":95.3160629272461},"rotation":{"x":0.03264915570616722,"y":-0.949703574180603,"z":0.10586032271385193,"w":0.29290080070495608},"size":7.744937896728516,"orthographic":false}