{"cameraMode":{"drawMode":0,"name":"Shaded","section":"Shading Mode"},"sceneLighting":true,"audioPlay":false,"sceneViewState":{"showFog":true,"showMaterialUpdate":false,"showSkybox":true,"showFlares":true,"showImageEffects":true,"showParticleSystems":true},"in2DMode":false,"pivot":{"x":21.995159149169923,"y":41.971134185791019,"z":2.565457820892334},"rotation":{"x":-0.07382090389728546,"y":0.6488075256347656,"z":-0.06346294283866883,"w":-0.7546998262405396},"size":35.22468185424805,"orthographic":false}