{"cameraMode":{"drawMode":0,"name":"Shaded","section":"Shading Mode"},"sceneLighting":true,"audioPlay":false,"sceneViewState":{"showFog":true,"showMaterialUpdate":false,"showSkybox":true,"showFlares":true,"showImageEffects":true,"showParticleSystems":true},"in2DMode":false,"pivot":{"x":14.133028030395508,"y":1.8696820735931397,"z":98.12549591064453},"rotation":{"x":0.0069881584495306019,"y":-0.9884351491928101,"z":0.14364862442016602,"w":0.048085764050483707},"size":1.447300672531128,"orthographic":false}