{"cameraMode":{"drawMode":0,"name":"Shaded","section":"Shading Mode"},"sceneLighting":false,"audioPlay":false,"sceneViewState":{"showFog":true,"showMaterialUpdate":false,"showSkybox":false,"showFlares":true,"showImageEffects":true,"showParticleSystems":true},"in2DMode":false,"pivot":{"x":0.0,"y":1.8299999237060547,"z":0.02600003406405449},"rotation":{"x":0.029380323365330697,"y":0.9701416492462158,"z":-0.1540738195180893,"w":0.18499521911144257},"size":1.3409901857376099,"orthographic":false}